Name,Followers Count,Date,Day,Time
snsinstitutions,22250,2024-10-05,Saturday,00:14:42
kct,39154,2024-10-05,Saturday,00:15:03
psg-college-of-technology,73427,2024-10-05,Saturday,00:15:31
snsinstitutions,22250,2024-10-05,Saturday,00:45:28
kct,39155,2024-10-05,Saturday,00:45:47
psg-college-of-technology,73427,2024-10-05,Saturday,00:46:15
snsinstitutions,22250,2024-10-05,Saturday,00:52:06
kct,39156,2024-10-05,Saturday,00:52:26
psg-college-of-technology,73427,2024-10-05,Saturday,00:52:54
snsinstitutions,22250,2024-10-05,Saturday,01:17:33
kct,39156,2024-10-05,Saturday,01:17:52
psg-college-of-technology,73427,2024-10-05,Saturday,01:18:21
snsinstitutions,22250,2024-10-05,Saturday,01:32:10
kct,39156,2024-10-05,Saturday,01:32:30
psg-college-of-technology,73428,2024-10-05,Saturday,01:32:57
snsinstitutions,22250,2024-10-05,Saturday,01:42:21
kct,39156,2024-10-05,Saturday,01:42:40
psg-college-of-technology,73428,2024-10-05,Saturday,01:43:07
snsinstitutions,22250,2024-10-05,Saturday,01:46:58
kct,39156,2024-10-05,Saturday,01:47:17
psg-college-of-technology,73428,2024-10-05,Saturday,01:47:44
snsinstitutions,22250,2024-10-05,Saturday,01:53:10
kct,39156,2024-10-05,Saturday,01:53:30
psg-college-of-technology,73428,2024-10-05,Saturday,01:53:57
snsinstitutions,22250,2024-10-05,Saturday,01:59:22
kct,39156,2024-10-05,Saturday,01:59:41
psg-college-of-technology,73428,2024-10-05,Saturday,02:00:08
snsinstitutions,22250,2024-10-05,Saturday,02:05:34
kct,39156,2024-10-05,Saturday,02:05:52
psg-college-of-technology,73428,2024-10-05,Saturday,02:06:20
snsinstitutions,22250,2024-10-05,Saturday,02:11:46
kct,39156,2024-10-05,Saturday,02:12:05
psg-college-of-technology,73428,2024-10-05,Saturday,02:12:32
snsinstitutions,22250,2024-10-05,Saturday,02:17:57
kct,39156,2024-10-05,Saturday,02:18:16
psg-college-of-technology,73428,2024-10-05,Saturday,02:18:43
snsinstitutions,22250,2024-10-05,Saturday,02:24:09
kct,39156,2024-10-05,Saturday,02:24:27
psg-college-of-technology,73428,2024-10-05,Saturday,02:24:55
snsinstitutions,22250,2024-10-05,Saturday,02:30:20
kct,39156,2024-10-05,Saturday,02:30:39
psg-college-of-technology,73428,2024-10-05,Saturday,02:31:06
snsinstitutions,22250,2024-10-05,Saturday,02:36:31
kct,39156,2024-10-05,Saturday,02:36:50
psg-college-of-technology,73428,2024-10-05,Saturday,02:37:18
snsinstitutions,22250,2024-10-05,Saturday,02:42:44
kct,39156,2024-10-05,Saturday,02:43:06
psg-college-of-technology,73428,2024-10-05,Saturday,02:43:34
snsinstitutions,22250,2024-10-05,Saturday,02:49:00
kct,39156,2024-10-05,Saturday,02:49:20
psg-college-of-technology,73428,2024-10-05,Saturday,02:49:48
snsinstitutions,22250,2024-10-05,Saturday,02:55:13
kct,39156,2024-10-05,Saturday,02:55:32
psg-college-of-technology,73428,2024-10-05,Saturday,02:56:00
snsinstitutions,22250,2024-10-05,Saturday,03:01:25
kct,39156,2024-10-05,Saturday,03:01:44
psg-college-of-technology,73428,2024-10-05,Saturday,03:02:11
snsinstitutions,22250,2024-10-05,Saturday,03:07:37
kct,39156,2024-10-05,Saturday,03:07:57
psg-college-of-technology,73428,2024-10-05,Saturday,03:08:25
snsinstitutions,22250,2024-10-05,Saturday,03:13:51
kct,39156,2024-10-05,Saturday,03:14:08
psg-college-of-technology,73428,2024-10-05,Saturday,03:14:36
snsinstitutions,22250,2024-10-05,Saturday,03:20:00
kct,39156,2024-10-05,Saturday,03:20:19
psg-college-of-technology,73428,2024-10-05,Saturday,03:20:46
snsinstitutions,22250,2024-10-05,Saturday,03:26:12
kct,39156,2024-10-05,Saturday,03:26:31
psg-college-of-technology,73428,2024-10-05,Saturday,03:26:58
snsinstitutions,22250,2024-10-05,Saturday,03:32:25
kct,39156,2024-10-05,Saturday,03:32:42
psg-college-of-technology,73428,2024-10-05,Saturday,03:33:10
snsinstitutions,22250,2024-10-05,Saturday,03:38:34
kct,39156,2024-10-05,Saturday,03:38:53
psg-college-of-technology,73428,2024-10-05,Saturday,03:39:21
snsinstitutions,22250,2024-10-05,Saturday,03:44:46
kct,39156,2024-10-05,Saturday,03:45:05
psg-college-of-technology,73428,2024-10-05,Saturday,03:45:33
snsinstitutions,22250,2024-10-05,Saturday,03:50:58
kct,39156,2024-10-05,Saturday,03:51:17
psg-college-of-technology,73428,2024-10-05,Saturday,03:51:44
snsinstitutions,22250,2024-10-05,Saturday,03:57:19
kct,39156,2024-10-05,Saturday,03:57:38
psg-college-of-technology,73428,2024-10-05,Saturday,03:58:05
snsinstitutions,22250,2024-10-05,Saturday,04:03:31
kct,39156,2024-10-05,Saturday,04:03:50
psg-college-of-technology,73428,2024-10-05,Saturday,04:04:18
snsinstitutions,22250,2024-10-05,Saturday,04:09:44
kct,39156,2024-10-05,Saturday,04:10:02
psg-college-of-technology,73428,2024-10-05,Saturday,04:10:30
snsinstitutions,22250,2024-10-05,Saturday,04:15:56
kct,39156,2024-10-05,Saturday,04:16:15
psg-college-of-technology,73428,2024-10-05,Saturday,04:16:42
snsinstitutions,22250,2024-10-05,Saturday,04:25:21
kct,39156,2024-10-05,Saturday,04:25:40
psg-college-of-technology,73428,2024-10-05,Saturday,04:26:08
snsinstitutions,22250,2024-10-05,Saturday,04:31:33
kct,39156,2024-10-05,Saturday,04:31:50
psg-college-of-technology,73428,2024-10-05,Saturday,04:32:18
snsinstitutions,22250,2024-10-05,Saturday,04:37:51
kct,39156,2024-10-05,Saturday,04:38:10
psg-college-of-technology,73428,2024-10-05,Saturday,04:38:38
snsinstitutions,22250,2024-10-05,Saturday,04:44:03
kct,39156,2024-10-05,Saturday,04:44:24
psg-college-of-technology,73428,2024-10-05,Saturday,04:44:52
snsinstitutions,22250,2024-10-05,Saturday,04:50:19
kct,39156,2024-10-05,Saturday,04:50:37
psg-college-of-technology,73428,2024-10-05,Saturday,04:51:05
snsinstitutions,22250,2024-10-05,Saturday,04:56:39
kct,39156,2024-10-05,Saturday,04:56:58
psg-college-of-technology,73428,2024-10-05,Saturday,04:57:26
snsinstitutions,22250,2024-10-05,Saturday,05:02:54
kct,39156,2024-10-05,Saturday,05:03:13
psg-college-of-technology,73428,2024-10-05,Saturday,05:03:40
snsinstitutions,22250,2024-10-05,Saturday,05:09:13
kct,39156,2024-10-05,Saturday,05:09:33
psg-college-of-technology,73428,2024-10-05,Saturday,05:10:01
snsinstitutions,22250,2024-10-05,Saturday,05:15:28
kct,39156,2024-10-05,Saturday,05:15:46
psg-college-of-technology,73428,2024-10-05,Saturday,05:16:15
snsinstitutions,22250,2024-10-05,Saturday,05:21:42
kct,39156,2024-10-05,Saturday,05:22:02
psg-college-of-technology,73428,2024-10-05,Saturday,05:22:29
snsinstitutions,22250,2024-10-05,Saturday,05:28:05
kct,39156,2024-10-05,Saturday,05:28:24
psg-college-of-technology,73428,2024-10-05,Saturday,05:28:51
snsinstitutions,22250,2024-10-05,Saturday,05:34:19
kct,39156,2024-10-05,Saturday,05:34:38
psg-college-of-technology,73428,2024-10-05,Saturday,05:35:06
snsinstitutions,22250,2024-10-05,Saturday,05:40:40
kct,39156,2024-10-05,Saturday,05:41:00
psg-college-of-technology,73428,2024-10-05,Saturday,05:41:28
snsinstitutions,22250,2024-10-05,Saturday,05:46:55
kct,39156,2024-10-05,Saturday,05:47:14
psg-college-of-technology,73429,2024-10-05,Saturday,05:47:42
snsinstitutions,22250,2024-10-05,Saturday,05:53:10
kct,39156,2024-10-05,Saturday,05:53:29
psg-college-of-technology,73429,2024-10-05,Saturday,05:53:57
snsinstitutions,22250,2024-10-05,Saturday,05:59:34
kct,39156,2024-10-05,Saturday,05:59:52
psg-college-of-technology,73429,2024-10-05,Saturday,06:00:19
snsinstitutions,22250,2024-10-05,Saturday,06:05:45
kct,39156,2024-10-05,Saturday,06:06:05
psg-college-of-technology,73429,2024-10-05,Saturday,06:06:33
snsinstitutions,22250,2024-10-05,Saturday,06:12:09
kct,39156,2024-10-05,Saturday,06:12:27
psg-college-of-technology,73429,2024-10-05,Saturday,06:12:54
snsinstitutions,22250,2024-10-05,Saturday,06:18:22
kct,39156,2024-10-05,Saturday,06:18:41
psg-college-of-technology,73429,2024-10-05,Saturday,06:19:08
snsinstitutions,22250,2024-10-05,Saturday,06:24:35
kct,39156,2024-10-05,Saturday,06:24:54
psg-college-of-technology,73429,2024-10-05,Saturday,06:25:21
snsinstitutions,22250,2024-10-05,Saturday,06:30:58
kct,39156,2024-10-05,Saturday,06:31:17
psg-college-of-technology,73429,2024-10-05,Saturday,06:31:44
snsinstitutions,22250,2024-10-05,Saturday,06:37:13
kct,39156,2024-10-05,Saturday,06:37:33
psg-college-of-technology,73429,2024-10-05,Saturday,06:38:02
snsinstitutions,22250,2024-10-05,Saturday,06:43:38
kct,39156,2024-10-05,Saturday,06:43:56
psg-college-of-technology,73429,2024-10-05,Saturday,06:44:23
snsinstitutions,22250,2024-10-05,Saturday,06:49:59
kct,39156,2024-10-05,Saturday,06:50:18
psg-college-of-technology,73429,2024-10-05,Saturday,06:50:47
snsinstitutions,22250,2024-10-05,Saturday,06:56:14
kct,39156,2024-10-05,Saturday,06:56:34
psg-college-of-technology,73429,2024-10-05,Saturday,06:57:02
snsinstitutions,22250,2024-10-05,Saturday,07:02:38
kct,39156,2024-10-05,Saturday,07:02:56
psg-college-of-technology,73429,2024-10-05,Saturday,07:03:23
snsinstitutions,22250,2024-10-05,Saturday,07:08:51
kct,39156,2024-10-05,Saturday,07:09:10
psg-college-of-technology,73429,2024-10-05,Saturday,07:09:39
snsinstitutions,22250,2024-10-05,Saturday,07:15:19
kct,39156,2024-10-05,Saturday,07:15:38
psg-college-of-technology,73429,2024-10-05,Saturday,07:16:06
snsinstitutions,22250,2024-10-05,Saturday,07:21:34
kct,39156,2024-10-05,Saturday,07:21:53
psg-college-of-technology,73429,2024-10-05,Saturday,07:22:22
snsinstitutions,22250,2024-10-05,Saturday,07:27:49
kct,39156,2024-10-05,Saturday,07:28:08
psg-college-of-technology,73429,2024-10-05,Saturday,07:28:36
snsinstitutions,22250,2024-10-05,Saturday,07:36:25
kct,39156,2024-10-05,Saturday,07:36:43
psg-college-of-technology,73429,2024-10-05,Saturday,07:37:10
snsinstitutions,22250,2024-10-05,Saturday,07:42:34
kct,39156,2024-10-05,Saturday,07:42:52
psg-college-of-technology,73429,2024-10-05,Saturday,07:43:18
snsinstitutions,22251,2024-10-05,Saturday,09:22:01
kct,39153,2024-10-05,Saturday,09:22:19
snsinstitutions,22251,2024-10-05,Saturday,09:45:31
kct,39153,2024-10-05,Saturday,09:45:49
psg-college-of-technology,73429,2024-10-05,Saturday,09:46:16
snsinstitutions,22251,2024-10-05,Saturday,09:56:43
kct,39153,2024-10-05,Saturday,09:57:01
psg-college-of-technology,73429,2024-10-05,Saturday,09:57:27
snsinstitutions,22251,2024-10-05,Saturday,10:07:54
kct,39153,2024-10-05,Saturday,10:08:12
psg-college-of-technology,73430,2024-10-05,Saturday,10:08:39
snsinstitutions,22251,2024-10-05,Saturday,10:19:06
kct,39153,2024-10-05,Saturday,10:19:23
psg-college-of-technology,73430,2024-10-05,Saturday,10:19:50
snsinstitutions,22251,2024-10-05,Saturday,10:30:17
kct,39153,2024-10-05,Saturday,10:30:35
psg-college-of-technology,73430,2024-10-05,Saturday,10:31:02
snsinstitutions,22251,2024-10-05,Saturday,10:41:29
kct,39153,2024-10-05,Saturday,10:41:47
psg-college-of-technology,73431,2024-10-05,Saturday,10:42:14
snsinstitutions,22251,2024-10-05,Saturday,10:52:41
kct,39153,2024-10-05,Saturday,10:52:58
psg-college-of-technology,73432,2024-10-05,Saturday,10:53:24
snsinstitutions,22252,2024-10-05,Saturday,11:03:51
kct,39153,2024-10-05,Saturday,11:04:09
psg-college-of-technology,73432,2024-10-05,Saturday,11:04:36
snsinstitutions,22252,2024-10-05,Saturday,11:15:03
kct,39155,2024-10-05,Saturday,11:15:21
psg-college-of-technology,73432,2024-10-05,Saturday,11:15:48
snsinstitutions,22252,2024-10-05,Saturday,11:26:14
kct,39154,2024-10-05,Saturday,11:26:31
psg-college-of-technology,73432,2024-10-05,Saturday,11:26:58
snsinstitutions,22252,2024-10-05,Saturday,11:37:25
kct,39154,2024-10-05,Saturday,11:37:42
psg-college-of-technology,73432,2024-10-05,Saturday,11:38:08
snsinstitutions,22252,2024-10-05,Saturday,11:48:35
kct,39154,2024-10-05,Saturday,11:48:52
psg-college-of-technology,73432,2024-10-05,Saturday,11:49:19
snsinstitutions,22252,2024-10-05,Saturday,11:59:47
kct,39154,2024-10-05,Saturday,12:00:05
psg-college-of-technology,73432,2024-10-05,Saturday,12:00:31
snsinstitutions,22252,2024-10-05,Saturday,12:10:58
kct,39154,2024-10-05,Saturday,12:11:16
psg-college-of-technology,73432,2024-10-05,Saturday,12:11:43
snsinstitutions,22251,2024-10-05,Saturday,12:22:10
kct,39154,2024-10-05,Saturday,12:22:28
psg-college-of-technology,73432,2024-10-05,Saturday,12:22:54
snsinstitutions,22251,2024-10-05,Saturday,12:33:22
kct,39154,2024-10-05,Saturday,12:33:40
psg-college-of-technology,73432,2024-10-05,Saturday,12:34:07
snsinstitutions,22251,2024-10-05,Saturday,12:44:34
kct,39155,2024-10-05,Saturday,12:44:52
psg-college-of-technology,73432,2024-10-05,Saturday,12:45:18
snsinstitutions,22251,2024-10-05,Saturday,12:58:06
kct,39155,2024-10-05,Saturday,12:58:24
psg-college-of-technology,73432,2024-10-05,Saturday,12:58:50
snsinstitutions,22251,2024-10-05,Saturday,13:09:17
kct,39155,2024-10-05,Saturday,13:09:35
psg-college-of-technology,73432,2024-10-05,Saturday,13:10:01
snsinstitutions,22251,2024-10-05,Saturday,13:20:28
kct,39155,2024-10-05,Saturday,13:20:45
psg-college-of-technology,73432,2024-10-05,Saturday,13:21:12
snsinstitutions,22251,2024-10-05,Saturday,13:31:39
kct,39155,2024-10-05,Saturday,13:31:57
psg-college-of-technology,73432,2024-10-05,Saturday,13:32:24
snsinstitutions,22251,2024-10-05,Saturday,13:42:51
kct,39155,2024-10-05,Saturday,13:43:08
psg-college-of-technology,73432,2024-10-05,Saturday,13:43:35
snsinstitutions,22251,2024-10-05,Saturday,13:54:03
kct,39155,2024-10-05,Saturday,13:54:19
psg-college-of-technology,73432,2024-10-05,Saturday,13:54:46
snsinstitutions,22251,2024-10-05,Saturday,14:05:14
kct,39156,2024-10-05,Saturday,14:05:32
psg-college-of-technology,73432,2024-10-05,Saturday,14:05:59
snsinstitutions,22251,2024-10-05,Saturday,14:16:26
kct,39157,2024-10-05,Saturday,14:16:44
psg-college-of-technology,73434,2024-10-05,Saturday,14:17:11
snsinstitutions,22250,2024-10-05,Saturday,14:27:38
kct,39158,2024-10-05,Saturday,14:27:54
psg-college-of-technology,73434,2024-10-05,Saturday,14:28:21
snsinstitutions,22250,2024-10-05,Saturday,14:38:49
kct,39158,2024-10-05,Saturday,14:39:06
psg-college-of-technology,73434,2024-10-05,Saturday,14:39:33
snsinstitutions,22250,2024-10-05,Saturday,14:50:01
kct,39158,2024-10-05,Saturday,14:50:19
psg-college-of-technology,73434,2024-10-05,Saturday,14:50:46
snsinstitutions,22250,2024-10-05,Saturday,15:01:13
kct,39158,2024-10-05,Saturday,15:01:31
psg-college-of-technology,73434,2024-10-05,Saturday,15:01:58
snsinstitutions,22250,2024-10-05,Saturday,15:12:25
kct,39158,2024-10-05,Saturday,15:12:43
psg-college-of-technology,73435,2024-10-05,Saturday,15:13:10
snsinstitutions,22251,2024-10-05,Saturday,15:23:38
kct,39158,2024-10-05,Saturday,15:23:55
psg-college-of-technology,73435,2024-10-05,Saturday,15:24:21
snsinstitutions,22251,2024-10-05,Saturday,15:34:49
kct,39158,2024-10-05,Saturday,15:35:06
psg-college-of-technology,73435,2024-10-05,Saturday,15:35:32
snsinstitutions,22252,2024-10-05,Saturday,15:46:01
kct,39159,2024-10-05,Saturday,15:46:18
psg-college-of-technology,73435,2024-10-05,Saturday,15:46:44
snsinstitutions,22252,2024-10-05,Saturday,15:57:12
kct,39159,2024-10-05,Saturday,15:57:29
psg-college-of-technology,73435,2024-10-05,Saturday,15:57:56
snsinstitutions,22253,2024-10-05,Saturday,16:08:23
kct,39159,2024-10-05,Saturday,16:08:41
psg-college-of-technology,73436,2024-10-05,Saturday,16:09:08
snsinstitutions,22253,2024-10-05,Saturday,16:19:34
kct,39159,2024-10-05,Saturday,16:19:52
psg-college-of-technology,73437,2024-10-05,Saturday,16:20:18
snsinstitutions,22253,2024-10-05,Saturday,16:33:13
kct,39160,2024-10-05,Saturday,16:33:32
psg-college-of-technology,73438,2024-10-05,Saturday,16:33:58
snsinstitutions,22255,2024-10-05,Saturday,16:44:25
kct,39160,2024-10-05,Saturday,16:44:43
psg-college-of-technology,73438,2024-10-05,Saturday,16:45:10
snsinstitutions,22255,2024-10-05,Saturday,16:55:37
kct,39160,2024-10-05,Saturday,16:55:56
psg-college-of-technology,73438,2024-10-05,Saturday,16:56:22
snsinstitutions,22255,2024-10-05,Saturday,17:06:50
kct,39160,2024-10-05,Saturday,17:07:07
psg-college-of-technology,73438,2024-10-05,Saturday,17:07:33
snsinstitutions,22255,2024-10-05,Saturday,17:18:01
kct,39161,2024-10-05,Saturday,17:18:19
psg-college-of-technology,73438,2024-10-05,Saturday,17:18:46
snsinstitutions,22255,2024-10-05,Saturday,17:29:14
kct,39161,2024-10-05,Saturday,17:29:30
psg-college-of-technology,73438,2024-10-05,Saturday,17:29:57
